{"cameraMode":{"drawMode":0,"name":"Shaded","section":"Shading Mode"},"sceneLighting":false,"audioPlay":false,"sceneViewState":{"m_AlwaysRefresh":false,"showFog":true,"showSkybox":false,"showFlares":true,"showImageEffects":true,"showParticleSystems":true,"showVisualEffectGraphs":true,"m_FxEnabled":true},"in2DMode":false,"pivot":{"x":-0.0000020265579223632814,"y":0.14999894797801972,"z":9.5367431640625e-7},"rotation":{"x":0.028175698593258859,"y":0.9664671421051025,"z":-0.22456735372543336,"w":0.12124408781528473},"size":2.315098285675049,"orthographic":false}