{"cameraMode":{"drawMode":0,"name":"Shaded","section":"Shading Mode"},"sceneLighting":false,"audioPlay":false,"sceneViewState":{"m_AlwaysRefresh":false,"showFog":false,"showSkybox":false,"showFlares":false,"showImageEffects":false,"showParticleSystems":false,"showVisualEffectGraphs":true,"m_FxEnabled":true},"in2DMode":false,"pivot":{"x":0.30042025446891787,"y":1.081748604774475,"z":0.23985612392425538},"rotation":{"x":0.22748281061649323,"y":0.5145994424819946,"z":-0.14364147186279298,"w":0.8141190409660339},"size":2.173370599746704,"orthographic":false}