{"cameraMode":{"drawMode":0,"name":"Shaded","section":"Shading Mode"},"sceneLighting":false,"audioPlay":false,"sceneViewState":{"m_AlwaysRefresh":false,"showFog":true,"showSkybox":false,"showFlares":true,"showImageEffects":true,"showParticleSystems":true,"showVisualEffectGraphs":true,"m_FxEnabled":true},"in2DMode":false,"pivot":{"x":2.3709511756896974,"y":0.9312396049499512,"z":-0.26386237144470217},"rotation":{"x":-0.20949867367744447,"y":-0.4302532970905304,"z":0.10338388383388519,"w":-0.8719074726104736},"size":6.199100017547607,"orthographic":false}