{"cameraMode":{"drawMode":0,"name":"Shaded","section":"Shading Mode"},"sceneLighting":false,"audioPlay":false,"sceneViewState":{"m_AlwaysRefresh":false,"showFog":true,"showSkybox":false,"showFlares":true,"showImageEffects":true,"showParticleSystems":true,"showVisualEffectGraphs":true,"m_FxEnabled":true},"in2DMode":false,"pivot":{"x":2.8667144775390627,"y":0.2700166702270508,"z":0.4363136291503906},"rotation":{"x":-0.15409323573112489,"y":0.7458764314651489,"z":-0.18516778945922852,"w":-0.6208953261375427},"size":12.727720260620118,"orthographic":false}