{"cameraMode":{"drawMode":0,"name":"Shaded","section":"Shading Mode"},"sceneLighting":false,"audioPlay":false,"sceneViewState":{"m_AlwaysRefresh":false,"showFog":true,"showSkybox":false,"showFlares":true,"showImageEffects":true,"showParticleSystems":true,"showVisualEffectGraphs":true,"m_FxEnabled":true},"in2DMode":false,"pivot":{"x":-51.650630950927737,"y":9.456953048706055,"z":-21.656620025634767},"rotation":{"x":0.11732257157564163,"y":0.8041456937789917,"z":-0.1691059172153473,"w":0.5576034188270569},"size":0.30713358521461489,"orthographic":false}