{"cameraMode":{"drawMode":0,"name":"Shaded","section":"Shading Mode"},"sceneLighting":false,"audioPlay":false,"sceneViewState":{"m_AlwaysRefresh":false,"showFog":true,"showSkybox":false,"showFlares":true,"showImageEffects":true,"showParticleSystems":true,"showVisualEffectGraphs":true,"m_FxEnabled":true},"in2DMode":false,"pivot":{"x":0.184048593044281,"y":0.29874110221862795,"z":0.1266459822654724},"rotation":{"x":-0.21843653917312623,"y":0.2547166049480438,"z":-0.05920591205358505,"w":-0.9401093125343323},"size":0.449352890253067,"orthographic":false}