{"cameraMode":{"drawMode":0,"name":"Shaded","section":"Shading Mode"},"sceneLighting":false,"audioPlay":false,"sceneViewState":{"m_AlwaysRefresh":false,"showFog":true,"showSkybox":false,"showFlares":true,"showImageEffects":true,"showParticleSystems":true,"showVisualEffectGraphs":true,"m_FxEnabled":true},"in2DMode":false,"pivot":{"x":0.29804056882858279,"y":0.05938601493835449,"z":0.10766863822937012},"rotation":{"x":0.05041974037885666,"y":0.9205785989761353,"z":-0.3658773601055145,"w":0.12670433521270753},"size":2.314213752746582,"orthographic":false}