{"cameraMode":{"drawMode":0,"name":"Shaded","section":"Shading Mode"},"sceneLighting":false,"audioPlay":false,"sceneViewState":{"m_AlwaysRefresh":false,"showFog":true,"showSkybox":false,"showFlares":true,"showImageEffects":true,"showParticleSystems":true,"showVisualEffectGraphs":true,"m_FxEnabled":true},"in2DMode":false,"pivot":{"x":-2.384185791015625e-7,"y":0.19999998807907105,"z":0.000001430511474609375},"rotation":{"x":0.03285566717386246,"y":0.9276630878448486,"z":-0.36226603388786318,"w":0.08397402614355087},"size":2.8284287452697756,"orthographic":false}