{"cameraMode":{"drawMode":0,"name":"Shaded","section":"Shading Mode"},"sceneLighting":true,"audioPlay":false,"sceneViewState":{"m_AlwaysRefresh":false,"showFog":true,"showSkybox":true,"showFlares":true,"showImageEffects":true,"showParticleSystems":true,"showVisualEffectGraphs":true,"m_FxEnabled":true},"in2DMode":false,"pivot":{"x":46.259742736816409,"y":-37.73006820678711,"z":294.1815490722656},"rotation":{"x":-0.09976469725370407,"y":-0.13035458326339723,"z":0.013165180571377278,"w":-0.9862812161445618},"size":157.38870239257813,"orthographic":false}