{"cameraMode":{"drawMode":0,"name":"Shaded","section":"Shading Mode"},"sceneLighting":true,"audioPlay":false,"sceneViewState":{"m_AlwaysRefresh":false,"showFog":true,"showSkybox":true,"showFlares":true,"showImageEffects":true,"showParticleSystems":true,"showVisualEffectGraphs":true,"m_FxEnabled":true},"in2DMode":false,"pivot":{"x":0.2660449147224426,"y":1.477254033088684,"z":-0.4296684265136719},"rotation":{"x":0.0001655024680076167,"y":0.9998219013214111,"z":-0.010807806625962258,"w":0.015299520455300808},"size":1.8771343231201172,"orthographic":false}