{"cameraMode":{"drawMode":0,"name":"Shaded","section":"Shading Mode"},"sceneLighting":false,"audioPlay":false,"sceneViewState":{"m_AlwaysRefresh":false,"showFog":true,"showSkybox":false,"showFlares":true,"showImageEffects":true,"showParticleSystems":true,"showVisualEffectGraphs":true,"m_FxEnabled":true},"in2DMode":false,"pivot":{"x":7.848474502563477,"y":-4.750722408294678,"z":-9.116159439086914},"rotation":{"x":-0.0039148940704762939,"y":-0.9957594871520996,"z":0.07512892037630081,"w":-0.05171769857406616},"size":19.435104370117189,"orthographic":false}