{"cameraMode":{"drawMode":0,"name":"Shaded","section":"Shading Mode"},"sceneLighting":false,"audioPlay":false,"sceneViewState":{"m_AlwaysRefresh":false,"showFog":true,"showSkybox":false,"showFlares":true,"showImageEffects":true,"showParticleSystems":true,"showVisualEffectGraphs":true,"m_FxEnabled":true},"in2DMode":false,"pivot":{"x":10.626994132995606,"y":9.94338321685791,"z":-3.3314805030822756},"rotation":{"x":-0.09976469725370407,"y":-0.13035458326339723,"z":0.013165180571377278,"w":-0.9862812161445618},"size":15.809277534484864,"orthographic":false}