{"cameraMode":{"drawMode":0,"name":"Shaded","section":"Shading Mode"},"sceneLighting":false,"audioPlay":false,"sceneViewState":{"m_AlwaysRefresh":false,"showFog":true,"showSkybox":false,"showFlares":true,"showImageEffects":true,"showParticleSystems":true,"showVisualEffectGraphs":true,"m_FxEnabled":true},"in2DMode":false,"pivot":{"x":-7.653963088989258,"y":1.0404462814331055,"z":4.983030319213867},"rotation":{"x":0.24942967295646668,"y":0.38965171575546267,"z":-0.11049019545316696,"w":0.8796277642250061},"size":22.121381759643556,"orthographic":false}