{"cameraMode":{"drawMode":0,"name":"Shaded","section":"Shading Mode"},"sceneLighting":false,"audioPlay":false,"sceneViewState":{"m_AlwaysRefresh":false,"showFog":true,"showSkybox":false,"showFlares":true,"showImageEffects":true,"showParticleSystems":true,"showVisualEffectGraphs":true,"m_FxEnabled":true},"in2DMode":false,"pivot":{"x":-0.0001583099365234375,"y":7.460171699523926,"z":6.855594635009766},"rotation":{"x":-0.09976469725370407,"y":-0.13035458326339723,"z":0.013165180571377278,"w":-0.9862812161445618},"size":12.510980606079102,"orthographic":false}