{"cameraMode":{"drawMode":0,"name":"Shaded","section":"Shading Mode"},"sceneLighting":false,"audioPlay":false,"sceneViewState":{"m_AlwaysRefresh":false,"showFog":true,"showSkybox":false,"showFlares":true,"showImageEffects":true,"showParticleSystems":true,"showVisualEffectGraphs":true,"m_FxEnabled":true},"in2DMode":false,"pivot":{"x":0.013408422470092774,"y":-0.895634651184082,"z":-4.253993988037109},"rotation":{"x":-0.15553809702396394,"y":0.03909716010093689,"z":-0.006182586308568716,"w":-0.9869704246520996},"size":18.579864501953126,"orthographic":false}