{"cameraMode":{"drawMode":0,"name":"Shaded","section":"Shading Mode"},"sceneLighting":false,"audioPlay":false,"sceneViewState":{"m_AlwaysRefresh":false,"showFog":true,"showSkybox":false,"showFlares":true,"showImageEffects":true,"showParticleSystems":true,"showVisualEffectGraphs":true,"m_FxEnabled":true},"in2DMode":false,"pivot":{"x":0.11806035041809082,"y":0.2256758213043213,"z":-0.2983555793762207},"rotation":{"x":0.22621916234493257,"y":0.6268320679664612,"z":-0.19720961153507234,"w":0.7190372347831726},"size":1.7150976657867432,"orthographic":false}