{"cameraMode":{"drawMode":0,"name":"Shaded","section":"Shading Mode"},"sceneLighting":false,"audioPlay":false,"sceneViewState":{"m_AlwaysRefresh":false,"showFog":true,"showSkybox":false,"showFlares":true,"showImageEffects":true,"showParticleSystems":true,"showVisualEffectGraphs":true,"m_FxEnabled":true},"in2DMode":false,"pivot":{"x":1.8025932312011719,"y":2.7558841705322267,"z":0.9201250076293945},"rotation":{"x":-0.15410983562469483,"y":0.7458803653717041,"z":-0.18515421450138093,"w":-0.6208920478820801},"size":11.23493480682373,"orthographic":false}