{"cameraMode":{"drawMode":0,"name":"Shaded","section":"Shading Mode"},"sceneLighting":false,"audioPlay":false,"sceneViewState":{"m_AlwaysRefresh":false,"showFog":true,"showSkybox":false,"showFlares":true,"showImageEffects":true,"showParticleSystems":true,"showVisualEffectGraphs":true,"m_FxEnabled":true},"in2DMode":false,"pivot":{"x":0.0000016689300537109376,"y":0.14999976754188538,"z":7.152557373046875e-7},"rotation":{"x":-0.0063924165442585949,"y":0.9705578088760376,"z":-0.23937371373176576,"w":-0.02591906115412712},"size":1.7150988578796387,"orthographic":false}